Frame,Marker ID,2D Coordinates,Distance,Yaw,Pitch,Roll
0,7,"(468.0,529.0),(528.0,527.0),(530.0,587.0),(471.0,590.0)",0.7974404763087942,-2.7874534259336645,1.816908505946604,-2.4536491264083935
1,7,"(468.0,529.0),(528.0,527.0),(530.0,587.0),(471.0,590.0)",0.7974404763087942,-2.7874534259336645,1.816908505946604,-2.4536491264083935
2,7,"(468.0,529.0),(528.0,527.0),(530.0,587.0),(471.0,589.0)",0.7966597949677057,-2.4133375760522267,2.454800887763916,-0.000961038148132266
3,7,"(469.0,528.0),(528.0,527.0),(530.0,587.0),(471.0,589.0)",0.7981783475455143,-2.4523339064296823,4.52528301721631,-2.751569214670827
4,7,"(469.0,528.0),(529.0,527.0),(531.0,586.0),(471.0,589.0)",0.7966736040924236,1.422921027448082,-15.558470552181094,-23.39175877288519
5,7,"(469.0,529.0),(529.0,526.0),(531.0,587.0),(472.0,589.0)",0.7961351765613717,-2.9150639241319483,2.855954821676419,-2.450071932141789
6,7,"(470.0,528.0),(529.0,526.0),(531.0,587.0),(472.0,589.0)",0.7964259791071507,-3.0722801492682184,5.412721792456129,-5.12982228038137
7,7,"(470.0,528.0),(530.0,526.0),(532.0,586.0),(472.0,589.0)",0.7969323293565893,-2.164579400245096,-1.3142397558224115,-2.8378808611908
8,7,"(471.0,528.0),(530.0,526.0),(532.0,586.0),(473.0,589.0)",0.8041661741062422,1.3522145060589896,-17.896823913835767,-17.382724379887268
9,7,"(471.0,528.0),(531.0,526.0),(533.0,585.0),(473.0,588.0)",0.7998834226685131,-1.8033817295960533,-3.046925767565334,0.861667393110263
10,7,"(471.0,528.0),(531.0,526.0),(533.0,586.0),(474.0,588.0)",0.7961308244136699,-2.415610125930582,2.477049367222635,-0.013649802717950571
11,7,"(472.0,528.0),(531.0,526.0),(533.0,586.0),(474.0,588.0)",0.8037864197409952,-2.446306645648467,2.425864748834394,-3.0118483679656176
12,7,"(472.0,528.0),(532.0,526.0),(534.0,586.0),(475.0,588.0)",0.7960322561089702,-2.416741083173133,2.4817458074407686,-0.020348040268835882
13,7,"(473.0,527.0),(532.0,525.0),(534.0,586.0),(475.0,588.0)",0.7959636022293884,-3.078197588330261,5.4675655302704165,-5.206174972870472
14,7,"(473.0,527.0),(533.0,525.0),(535.0,585.0),(476.0,588.0)",0.7965353619573645,-2.783326824522081,1.8110922066933524,-2.515056585619152
15,7,"(474.0,527.0),(533.0,525.0),(535.0,585.0),(476.0,588.0)",0.8037099345835914,1.2619096698548968,-17.57976449926364,-17.128350397455467
16,7,"(474.0,527.0),(534.0,525.0),(536.0,585.0),(477.0,588.0)",0.7964537895031241,-2.7821873665185106,1.803874233862393,-2.5281894624638834
17,7,"(475.0,526.0),(534.0,525.0),(536.0,585.0),(477.0,587.0)",0.7972601706482063,-2.458843130450836,4.595190824676142,-2.855861706388975
18,7,"(475.0,526.0),(535.0,524.0),(537.0,585.0),(477.0,587.0)",0.7898785788434375,-2.403778920118344,2.3941960075712716,-3.024522950879717
19,7,"(476.0,526.0),(535.0,524.0),(538.0,584.0),(478.0,587.0)",0.7964144861166256,1.1730560169793076,-16.912312712092223,-20.55942056442937
20,7,"(476.0,526.0),(536.0,524.0),(538.0,585.0),(479.0,587.0)",0.789255612265213,-2.920671143950443,4.967744173247226,-2.4639593002844595
21,7,"(477.0,526.0),(536.0,524.0),(539.0,584.0),(479.0,587.0)",0.7963390340938611,1.14801945263678,-16.797021202279257,-20.53638311872477
22,7,"(477.0,526.0),(537.0,524.0),(539.0,584.0),(479.0,587.0)",0.7957395266315309,-2.1391651621179917,-1.4650757151053633,-2.9066709428894058
23,7,"(477.0,526.0),(538.0,524.0),(540.0,584.0),(480.0,587.0)",0.7873097468049597,-2.2837054558641556,-0.5276713676416295,0.4655675728692534
24,7,"(478.0,526.0),(538.0,523.0),(540.0,584.0),(481.0,587.0)",0.7948662959784373,-3.374025396923704,2.741716277945992,-5.367383829667387
25,7,"(479.0,525.0),(539.0,523.0),(541.0,584.0),(481.0,587.0)",0.7897737198800525,1.114227577782757,-16.870720604390332,-16.745391334471343
26,7,"(479.0,525.0),(540.0,523.0),(542.0,584.0),(482.0,587.0)",0.7826385457935434,-2.726998617448696,1.7326518092866146,-2.5503014015308447
27,7,"(480.0,525.0),(540.0,523.0),(542.0,584.0),(482.0,587.0)",0.7897225741296687,1.088447695440745,-16.75355286753904,-16.695978062395184
28,7,"(480.0,525.0),(540.0,523.0),(542.0,584.0),(482.0,587.0)",0.7897225741296687,1.088447695440745,-16.75355286753904,-16.695978062395184
29,7,"(479.0,525.0),(540.0,523.0),(542.0,584.0),(482.0,587.0)",0.7826385457935434,-2.726998617448696,1.7326518092866146,-2.5503014015308447
30,7,"(479.0,525.0),(540.0,523.0),(542.0,584.0),(482.0,587.0)",0.7826385457935434,-2.726998617448696,1.7326518092866146,-2.5503014015308447
31,7,"(480.0,525.0),(540.0,523.0),(542.0,584.0),(482.0,587.0)",0.7897225741296687,1.088447695440745,-16.75355286753904,-16.695978062395184
32,7,"(479.0,525.0),(540.0,523.0),(542.0,584.0),(482.0,587.0)",0.7826385457935434,-2.726998617448696,1.7326518092866146,-2.5503014015308447
33,7,"(479.0,525.0),(540.0,523.0),(542.0,585.0),(481.0,587.0)",0.7765987134473484,-2.360836216073679,2.3423774840031877,-3.0545961850069965
34,7,"(479.0,526.0),(539.0,523.0),(542.0,585.0),(482.0,588.0)",0.781668209482981,-3.971257613956688,5.415725259473308,-5.326213699202486
35,7,"(479.0,526.0),(539.0,523.0),(542.0,585.0),(481.0,588.0)",0.7829366263233671,-3.440339637637069,2.7160683921860875,-6.661501273052207
35,17,"(13.0,726.0),(32.0,725.0),(33.0,737.0),(13.0,739.0)",3.5099747190715687,12.049307648425714,-38.79092325176464,-70.26566848452646
36,7,"(478.0,526.0),(539.0,524.0),(542.0,585.0),(482.0,589.0)",0.7767426838092407,1.281297240906103,-19.613983061171485,-20.198870063906043
36,17,"(11.0,728.0),(29.0,725.0),(31.0,738.0),(13.0,741.0)",3.7940938102421358,-3.105000798379887,-20.768581772449995,17.78840482497972
37,7,"(477.0,527.0),(539.0,524.0),(541.0,586.0),(480.0,589.0)",0.7750581615656918,-2.600182778350113,-0.6906693540746577,-2.061097951112852
37,17,"(10.0,728.0),(28.0,727.0),(29.0,739.0),(9.0,741.0)",3.6257502835754845,11.150315904321374,-37.41263663871266,-68.14938111215817
38,7,"(477.0,526.0),(538.0,524.0),(541.0,586.0),(479.0,589.0)",0.7709609201189028,1.1760555839399278,-16.507055424564726,-20.67903472906105
39,7,"(476.0,527.0),(537.0,524.0),(540.0,587.0),(479.0,590.0)",0.7697101213583962,-3.8979157800591318,5.246193904009922,-5.20336269423091
40,7,"(475.0,527.0),(537.0,525.0),(539.0,587.0),(478.0,590.0)",0.7708677625050372,-2.6821972249025934,1.6787116295125184,-2.4602205064525746
41,7,"(474.0,527.0),(536.0,525.0),(538.0,587.0),(476.0,590.0)",0.7706926133159445,-2.074517508889882,-1.3810336808744321,-2.7550631237980796
42,7,"(472.0,528.0),(534.0,525.0),(537.0,588.0),(475.0,591.0)",0.76473983481071,-3.2369192866355365,2.25358918218324,-2.8959133888328075
43,7,"(471.0,528.0),(533.0,525.0),(536.0,588.0),(474.0,591.0)",0.7648176580855386,-3.2373263599982254,2.2559524646171822,-2.8799648289351305
44,7,"(470.0,528.0),(533.0,526.0),(536.0,588.0),(474.0,592.0)",0.75880674374597,-3.123337955103317,1.4750450114533948,-0.06215869646179205
45,7,"(469.0,528.0),(532.0,526.0),(535.0,588.0),(472.0,592.0)",0.7582388405508379,0.5964632006149216,-15.614573822407868,-23.246749274629632
46,7,"(469.0,529.0),(531.0,526.0),(534.0,589.0),(471.0,592.0)",0.7652460893779695,-2.672165626817993,-0.5235180106905742,-3.358757564619273
47,7,"(467.0,529.0),(530.0,526.0),(533.0,589.0),(471.0,593.0)",0.759030975149869,-3.551674373295415,1.648909301494554,-2.335696508808599
48,7,"(466.0,529.0),(529.0,526.0),(532.0,590.0),(469.0,593.0)",0.7535059421044669,-3.18485949537735,2.1981613511948797,-2.7654137629844295
49,7,"(465.0,529.0),(528.0,526.0),(531.0,590.0),(468.0,593.0)",0.7535891929814625,-3.1851980911753612,2.2001760239606,-2.7503988552747156
50,7,"(463.0,529.0),(527.0,526.0),(530.0,590.0),(467.0,594.0)",0.7476157380286733,-3.496362801056273,1.6235478654121624,-2.253376588177286
51,7,"(462.0,529.0),(526.0,526.0),(529.0,590.0),(465.0,594.0)",0.7477306552504067,-2.938682673141201,-1.1480142758746292,-2.57434208314669
52,7,"(460.0,530.0),(524.0,526.0),(527.0,591.0),(463.0,594.0)",0.7470600795458651,-3.1008187293126883,0.15962884439617162,-2.4898226190999058
53,7,"(458.0,530.0),(522.0,526.0),(526.0,591.0),(462.0,595.0)",0.7419687092391193,-4.021142727742897,2.148347781721979,-2.6151378221498547
54,7,"(457.0,530.0),(521.0,527.0),(524.0,591.0),(460.0,595.0)",0.7484964100813789,-2.9531590350865806,-1.0660734729742214,-2.5358915084356473
55,7,"(454.0,530.0),(519.0,527.0),(522.0,591.0),(458.0,595.0)",0.74162480500174,-3.027010572618749,-0.4694175726160139,0.4065029598686537
56,7,"(452.0,530.0),(517.0,527.0),(520.0,592.0),(456.0,595.0)",0.7368828829453387,-3.094549834360914,2.1746143291274156,0.07325390852363434
57,7,"(450.0,530.0),(514.0,526.0),(518.0,592.0),(454.0,596.0)",0.7362100392776885,-4.546127148446491,4.6770586391131586,-4.418970255308635
58,7,"(448.0,529.0),(513.0,526.0),(516.0,592.0),(451.0,595.0)",0.7323061805467765,-3.0874046825479953,2.1262295033373215,-2.4483208126003646
59,7,"(445.0,529.0),(511.0,526.0),(514.0,592.0),(449.0,595.0)",0.7263732415034561,-3.0398442953689386,2.116460131748039,0.1125808154173769
60,7,"(443.0,529.0),(509.0,526.0),(512.0,591.0),(447.0,595.0)",0.7316515502945034,-2.980968659019332,-0.4490675424239771,0.3904375470395655
61,7,"(441.0,529.0),(506.0,525.0),(510.0,591.0),(445.0,595.0)",0.7321850213576372,-3.9598079557714576,2.1307383201941614,-2.359605814167322
62,7,"(439.0,529.0),(504.0,525.0),(508.0,591.0),(443.0,595.0)",0.7323990452386857,-3.959675828616032,2.131259924154785,-2.334716923686613
63,7,"(436.0,528.0),(503.0,525.0),(506.0,591.0),(440.0,595.0)",0.7214977732217276,-2.93592424687304,-0.4367469287215764,0.38087307538270165
64,7,"(434.0,528.0),(501.0,525.0),(504.0,591.0),(438.0,595.0)",0.721783944414872,-2.936209891473793,-0.4327812147841141,0.37758836614327324
65,7,"(432.0,528.0),(498.0,524.0),(502.0,591.0),(436.0,595.0)",0.722049360126403,-3.898462383164249,2.100207842328034,-2.223114231829075
66,7,"(430.0,527.0),(497.0,524.0),(500.0,591.0),(434.0,595.0)",0.7172973049787871,-3.3508852889229144,1.6508235449427677,-1.8206177930717795
67,7,"(428.0,527.0),(494.0,523.0),(499.0,590.0),(432.0,594.0)",0.7172720879368193,-3.9055369359876226,2.0636015067004796,-0.4714601890835944
68,7,"(426.0,526.0),(494.0,523.0),(497.0,590.0),(430.0,594.0)",0.7119411681860892,-2.8925268826269805,-0.42120834065444107,0.36855223817371213
69,7,"(424.0,526.0),(492.0,523.0),(496.0,590.0),(428.0,594.0)",0.7068130127006388,-2.9827346687794334,-0.05065765046132771,1.9446447754560865
70,7,"(423.0,526.0),(491.0,522.0),(495.0,590.0),(427.0,594.0)",0.7067999080596922,-3.3664606708479883,3.0808690510772734e-07,2.9516459513089486e-07
71,7,"(422.0,525.0),(490.0,522.0),(494.0,590.0),(426.0,594.0)",0.7025673217392253,-3.324837798074273,1.6376438378728833,-0.11655864897681464
72,7,"(421.0,525.0),(489.0,521.0),(493.0,590.0),(425.0,594.0)",0.7018197063893371,-3.7810279754328886,2.0480786807185134,-2.0480902902925497
73,7,"(420.0,524.0),(488.0,521.0),(492.0,590.0),(424.0,594.0)",0.6970792447033889,-3.721712422483136,3.621725543510673,-1.819624290357284
74,7,"(418.0,524.0),(487.0,520.0),(491.0,590.0),(423.0,594.0)",0.6911295451498316,-4.095558207174259,3.879570564060937,-1.4762398824823924
75,7,"(417.0,524.0),(486.0,520.0),(490.0,590.0),(421.0,594.0)",0.6920985445098013,-3.7249473522555965,2.0173813197613293,-1.9824556250646779
76,7,"(416.0,524.0),(485.0,520.0),(489.0,590.0),(420.0,594.0)",0.6922220835729391,-3.7246731775124386,2.0165696301927403,-1.972102104632353
77,7,"(415.0,525.0),(485.0,521.0),(489.0,591.0),(419.0,595.0)",0.6877027020502162,-3.270487923203936,3.329419966828141e-08,3.464277027154241e-08
78,7,"(413.0,525.0),(484.0,521.0),(488.0,591.0),(418.0,596.0)",0.6828186994389939,-3.578483783556121,-0.40317132784639015,0.34523823553989863
79,7,"(412.0,525.0),(483.0,521.0),(487.0,592.0),(417.0,596.0)",0.6781330536444369,-3.596003179520038,1.8435942339926688,0.25225154057260546
80,7,"(411.0,525.0),(482.0,521.0),(486.0,593.0),(415.0,597.0)",0.6738437598717336,-3.6183089367896595,1.9301615267062562,-1.8824609930017002
81,7,"(410.0,525.0),(481.0,522.0),(485.0,593.0),(414.0,598.0)",0.6749743714955212,1.8539883583719892,-23.657636624116048,-21.791365613511196
82,7,"(408.0,526.0),(480.0,522.0),(484.0,594.0),(412.0,598.0)",0.6698905386974211,-3.1798301198640093,8.147142374872665e-08,8.332799782875313e-08
83,7,"(406.0,526.0),(478.0,522.0),(482.0,594.0),(411.0,599.0)",0.6698113888872786,-3.9061461386918817,1.516664076923297,-1.5114593222164616
84,7,"(404.0,526.0),(477.0,522.0),(481.0,595.0),(409.0,599.0)",0.6609467831588356,-3.4924948869236183,1.755484188052598,0.26349403975666735
85,7,"(402.0,527.0),(475.0,522.0),(479.0,595.0),(407.0,600.0)",0.6653963283983152,-3.887537696218621,-0.04938220794115983,-1.5077152907072664
86,7,"(401.0,526.0),(474.0,522.0),(478.0,596.0),(405.0,600.0)",0.6571127659419697,-3.5165855032901945,1.8457949553121873,-1.7532552621564763
87,7,"(400.0,526.0),(473.0,522.0),(477.0,596.0),(404.0,601.0)",0.6569399316870358,-3.9035064175581096,1.7287371417612274,-3.5515825534576484
88,7,"(398.0,527.0),(472.0,522.0),(477.0,596.0),(403.0,601.0)",0.652825047286925,-3.865461169885728,6.840197472947334e-08,6.540832442046629e-08
89,7,"(398.0,526.0),(472.0,522.0),(476.0,596.0),(402.0,601.0)",0.6535781681382424,-3.424521850499422,-0.4172094462082944,-1.8745430093632844
90,7,"(397.0,526.0),(472.0,522.0),(476.0,596.0),(401.0,601.0)",0.6490856247220155,-3.013853553226116,-2.2169368561541827,0.1330008383230967
91,7,"(397.0,525.0),(472.0,522.0),(476.0,597.0),(401.0,601.0)",0.6410395985731769,-3.00039931752491,1.3859113828068061,-0.029538402919874238
92,7,"(397.0,525.0),(472.0,521.0),(476.0,596.0),(402.0,601.0)",0.6442159633921837,-3.746137416348922,1.4397955955419246,-1.3884472768539546
93,7,"(398.0,524.0),(473.0,520.0),(477.0,596.0),(402.0,600.0)",0.6398626484291738,-3.421616412275388,1.7979497713793104,-1.6893911407553253
94,7,"(398.0,523.0),(474.0,519.0),(478.0,595.0),(403.0,600.0)",0.6353219708529295,-3.694882569807652,1.4220850362953996,-1.372525694149908
95,7,"(398.0,522.0),(475.0,518.0),(479.0,594.0),(403.0,599.0)",0.6311992767021425,-3.295135878178814,-0.3764387218511882,0.32653323102383663
96,7,"(399.0,521.0),(476.0,517.0),(480.0,593.0),(404.0,598.0)",0.630895505322475,-3.2948025050919587,-0.380356048814813,0.3297913448377938
97,7,"(400.0,520.0),(477.0,516.0),(481.0,593.0),(405.0,598.0)",0.6263587044528723,-3.6445329163436146,1.410370464706003,-1.3609177500803038
98,7,"(402.0,519.0),(478.0,515.0),(483.0,592.0),(406.0,597.0)",0.6265553593940215,-3.72953565722229,1.4488927871827175,-2.0717176282176877
99,7,"(404.0,518.0),(481.0,515.0),(484.0,593.0),(408.0,597.0)",0.6212047446025466,-3.2920050229494757,3.3845385196639084,-2.7869053795990864
100,7,"(405.0,519.0),(483.0,514.0),(487.0,592.0),(410.0,597.0)",0.6210265039777125,-3.631705022400682,-0.053189286743397894,-1.4033661914845859
101,7,"(408.0,517.0),(486.0,514.0),(489.0,592.0),(412.0,596.0)",0.6174966350324854,-2.86259612224552,1.392218713634701,-1.3850091140291814
102,7,"(410.0,517.0),(488.0,514.0),(492.0,592.0),(414.0,596.0)",0.6137021384990237,-2.8888676380770435,1.3665724388647347,-0.06587069831701932
103,7,"(413.0,516.0),(490.0,513.0),(494.0,592.0),(416.0,596.0)",0.6126274875986417,-3.341327016062304,3.401019840110182,-3.5443382976931757
104,7,"(415.0,516.0),(493.0,513.0),(496.0,591.0),(419.0,596.0)",0.6164997212744033,-3.1891163134210783,1.0954251042932546,-3.2146046810693587
105,7,"(418.0,516.0),(496.0,512.0),(499.0,591.0),(422.0,596.0)",0.6147913083909754,-3.6758943448752888,1.9998883138159764,-5.039087337987675
106,7,"(421.0,516.0),(500.0,512.0),(503.0,591.0),(425.0,595.0)",0.6112968296760669,-2.839956613647314,-0.1334300047180434,-1.416897016659029
107,7,"(425.0,515.0),(503.0,512.0),(506.0,591.0),(428.0,595.0)",0.6115576433755783,-2.8997636572282914,1.527165276612565,-3.7477523430120323
108,7,"(428.0,515.0),(506.0,512.0),(509.0,591.0),(432.0,596.0)",0.6101074259376111,1.8665646846832618,-23.368794758752575,-17.416447016404753
109,7,"(431.0,515.0),(509.0,512.0),(512.0,591.0),(434.0,595.0)",0.6110277860149472,-2.891866610592224,1.4823777221730794,-3.8504157763506064
110,7,"(434.0,514.0),(512.0,511.0),(515.0,591.0),(437.0,595.0)",0.6056704988406033,-3.3599031521562006,3.869324898391683,-5.274587718560696
111,7,"(436.0,513.0),(514.0,510.0),(517.0,591.0),(439.0,594.0)",0.6006551011288679,-3.4018687060364385,5.961525114486076,-4.7546315770012155
112,7,"(438.0,512.0),(516.0,509.0),(519.0,589.0),(442.0,594.0)",0.6031056815714683,2.1221602151926264,-24.582344842306007,-16.348874345916805
113,7,"(438.0,511.0),(517.0,508.0),(519.0,589.0),(442.0,592.0)",0.5996548872058953,-3.3101293040618502,5.9943738143159875,-4.140033681679154
114,7,"(440.0,509.0),(518.0,507.0),(520.0,587.0),(443.0,591.0)",0.60285701078054,2.7683753743818946,-24.26753577777885,-16.222022040976523
115,7,"(440.0,508.0),(518.0,505.0),(521.0,586.0),(443.0,590.0)",0.5982812193987451,-3.822707150059299,6.376014518654281,-6.3280240255419065
116,7,"(442.0,507.0),(521.0,504.0),(523.0,585.0),(445.0,590.0)",0.5971123079567131,1.7939595491172622,-23.512526883735436,-13.18709194166409
117,7,"(443.0,506.0),(522.0,504.0),(524.0,584.0),(447.0,589.0)",0.5977589668157681,2.3024748439585365,-24.393505321938413,-15.434356456214138
118,7,"(445.0,505.0),(524.0,503.0),(526.0,584.0),(448.0,588.0)",0.5943228011246379,2.573238566133578,-23.711720910971877,-15.663508673691505
119,7,"(446.0,505.0),(525.0,503.0),(527.0,584.0),(449.0,588.0)",0.5942681321329532,2.5514611449042817,-23.614502284934193,-15.622122485096783
120,7,"(447.0,506.0),(526.0,503.0),(528.0,585.0),(450.0,588.0)",0.5933180243688797,-3.46495543917458,6.851046313586955,-6.132118278198064
121,7,"(448.0,506.0),(527.0,503.0),(529.0,585.0),(451.0,589.0)",0.5918972392571504,-3.911069334723476,7.271339213392792,-7.641866758992739
122,7,"(449.0,506.0),(527.0,503.0),(530.0,585.0),(452.0,589.0)",0.5911950386666283,-4.271666177741933,8.709578974885769,-7.247850158321025
123,7,"(450.0,507.0),(529.0,504.0),(531.0,586.0),(453.0,590.0)",0.5920409539911689,-3.9187525669302974,7.27092435677611,-7.725146110944922
124,7,"(451.0,507.0),(530.0,505.0),(531.0,587.0),(454.0,591.0)",0.5898842498707858,3.1602665424667307,-25.978247112486045,-14.120769199723732
125,7,"(452.0,508.0),(530.0,506.0),(532.0,588.0),(454.0,592.0)",0.589868305853053,3.264378732140683,-25.87756480326404,-14.704546722474536
126,7,"(452.0,510.0),(530.0,508.0),(532.0,589.0),(455.0,593.0)",0.5961543443928019,3.055616740193529,-25.151901976951322,-15.700135533937894
127,7,"(452.0,511.0),(530.0,509.0),(531.0,591.0),(455.0,595.0)",0.5913458654022054,3.7364924938027237,-27.803962769439668,-14.553917585408671
128,7,"(452.0,512.0),(530.0,511.0),(532.0,592.0),(455.0,596.0)",0.5921477364641554,3.86739035456845,-26.443692676532105,-17.10668274838227
129,7,"(452.0,514.0),(530.0,512.0),(531.0,593.0),(455.0,598.0)",0.5956732974856719,3.2153623820663513,-27.01748788159174,-13.624800628060338
130,7,"(452.0,515.0),(529.0,513.0),(531.0,594.0),(454.0,598.0)",0.5989038270593097,3.421912039658646,-25.8487883924994,-15.296222767303611
131,7,"(451.0,516.0),(529.0,514.0),(530.0,595.0),(454.0,600.0)",0.5963381125816332,3.2803654558475612,-27.032007425189224,-13.844648490735953
132,7,"(451.0,517.0),(528.0,514.0),(530.0,596.0),(453.0,600.0)",0.596835121609693,-4.689871698657504,10.12557431416358,-10.123419747613177
133,7,"(451.0,517.0),(527.0,515.0),(529.0,597.0),(453.0,601.0)",0.5933680306975707,4.485464078568066,-29.590331185436046,-15.612119695732412
134,7,"(450.0,518.0),(527.0,516.0),(528.0,598.0),(453.0,602.0)",0.593876187496709,4.445948042657007,-29.62787477012119,-15.377000500061975
135,7,"(449.0,519.0),(527.0,517.0),(528.0,599.0),(452.0,603.0)",0.5938637701990218,3.988982015931519,-27.791126409879812,-15.392005338608927
136,7,"(449.0,519.0),(526.0,518.0),(527.0,600.0),(452.0,604.0)",0.5899986964889626,5.207078351133823,-30.643096220431133,-16.65910958225758
137,7,"(448.0,521.0),(526.0,519.0),(527.0,600.0),(452.0,605.0)",0.5974373298530569,3.702872560990876,-28.234039301154066,-15.300569616400646
138,7,"(448.0,521.0),(525.0,519.0),(527.0,601.0),(451.0,606.0)",0.5906700594625235,4.2774220143489305,-29.873859808512766,-15.832984920510437
139,7,"(447.0,522.0),(525.0,520.0),(526.0,602.0),(449.0,606.0)",0.5954994405048921,3.845630017449079,-26.70834255036125,-14.893904842641158
140,7,"(447.0,522.0),(524.0,520.0),(525.0,603.0),(449.0,607.0)",0.5891854975685707,4.863221853485664,-30.315351995596398,-15.237877419486152
141,7,"(446.0,523.0),(524.0,521.0),(525.0,603.0),(448.0,607.0)",0.5958670435565352,3.8886456136808025,-26.757722649922936,-15.028416686632498
142,7,"(447.0,523.0),(524.0,521.0),(525.0,603.0),(448.0,608.0)",0.593189407189977,4.095091553061264,-28.759537870762756,-13.350561512864841
143,7,"(447.0,523.0),(525.0,522.0),(526.0,604.0),(449.0,609.0)",0.5884142738227829,4.5133506154365035,-28.86246279709207,-15.269425664211902
144,7,"(448.0,524.0),(525.0,522.0),(527.0,605.0),(450.0,610.0)",0.5855930032653149,4.601037001375679,-30.334492949137232,-15.472844727152278
145,7,"(449.0,525.0),(527.0,523.0),(528.0,606.0),(451.0,611.0)",0.5864062434719132,4.299583345657078,-29.25414978201663,-14.351587004835173
146,7,"(450.0,526.0),(528.0,524.0),(529.0,608.0),(452.0,612.0)",0.5834012704446953,4.880096410570868,-29.702064188670303,-15.506920003909594
147,7,"(451.0,528.0),(528.0,525.0),(531.0,609.0),(454.0,614.0)",0.5826973538603147,4.45703078772117,-30.71570278274274,-16.46339550882252
148,7,"(453.0,529.0),(531.0,527.0),(532.0,611.0),(455.0,616.0)",0.5808755203988568,4.789539213368975,-30.326073096556375,-14.788547241475776
149,7,"(454.0,531.0),(532.0,529.0),(534.0,613.0),(457.0,618.0)",0.5801158354130829,4.8603585754771395,-30.327297599069848,-16.646782820843704
150,7,"(456.0,533.0),(534.0,531.0),(536.0,616.0),(458.0,621.0)",0.5748478928422911,5.106721901745253,-30.617277045172948,-16.150171159776768
151,7,"(457.0,538.0),(536.0,535.0),(538.0,619.0),(460.0,624.0)",0.5858536881597284,3.7253044563216786,-27.028767034091086,-15.836985018922821
152,7,"(459.0,541.0),(538.0,538.0),(540.0,622.0),(462.0,629.0)",0.5801951295258758,3.620710400445756,-28.86826766787854,-14.222940714052303
153,7,"(460.0,545.0),(539.0,542.0),(541.0,627.0),(463.0,632.0)",0.5816317523835808,4.328315349519917,-28.17072623254014,-16.486008302489445
154,7,"(462.0,548.0),(541.0,547.0),(543.0,630.0),(464.0,637.0)",0.5814971224096042,4.365930799810597,-27.725243640659063,-16.014373522063853
155,7,"(463.0,553.0),(542.0,551.0),(544.0,636.0),(465.0,642.0)",0.5776682179806176,4.826831377288897,-28.59002886303093,-16.5154533676575
156,7,"(463.0,558.0),(543.0,555.0),(545.0,640.0),(466.0,647.0)",0.5793008487268719,3.875876393870353,-27.653594714860724,-15.47662267961797
157,7,"(463.0,563.0),(542.0,558.0),(545.0,644.0),(467.0,651.0)",0.5813261192259848,3.666120662438164,-29.053803409395876,-15.820699334592973
158,7,"(464.0,565.0),(544.0,562.0),(546.0,647.0),(467.0,655.0)",0.5784096701040382,3.9562163694109547,-28.335939645215934,-15.18334741814039
159,7,"(463.0,569.0),(544.0,564.0),(546.0,651.0),(467.0,658.0)",0.577588489727701,3.4406684987671485,-27.60740970425063,-15.107192648101567
160,7,"(463.0,570.0),(544.0,566.0),(547.0,653.0),(466.0,660.0)",0.5739767791865761,3.6836445793014394,-26.67236577238264,-16.584046265474228
161,7,"(463.0,571.0),(544.0,567.0),(547.0,655.0),(466.0,662.0)",0.5683469424140388,4.255947593101704,-28.188156888255808,-16.93677507679611
162,7,"(463.0,571.0),(544.0,568.0),(547.0,656.0),(466.0,663.0)",0.5647633504066766,4.956615134183945,-29.048805586571,-18.076446031277218
163,7,"(462.0,572.0),(544.0,568.0),(547.0,657.0),(465.0,664.0)",0.5626508528440644,4.279106283994417,-27.974950976431558,-17.11499366083602
164,7,"(461.0,572.0),(544.0,568.0),(547.0,658.0),(465.0,665.0)",0.5562685174925951,4.5395162519564956,-28.721467646249096,-17.985274898061714
165,7,"(461.0,572.0),(544.0,568.0),(547.0,658.0),(464.0,666.0)",0.553745868871616,4.263525591703493,-28.78053157423384,-16.439718928857904
166,7,"(459.0,572.0),(543.0,568.0),(546.0,659.0),(463.0,666.0)",0.5505091222298539,4.569046607556183,-28.634930996202048,-18.123672096879233
167,7,"(458.0,572.0),(542.0,568.0),(545.0,659.0),(461.0,667.0)",0.5481335107638776,4.320083996031724,-28.76534916350888,-16.639977856851402
168,7,"(456.0,571.0),(541.0,567.0),(544.0,659.0),(460.0,667.0)",0.5418677476387386,4.567975602303358,-29.56099681790654,-17.46554398605638
169,7,"(453.0,571.0),(539.0,567.0),(542.0,660.0),(457.0,667.0)",0.5390928119660148,4.661135875898934,-28.673826526239534,-18.419171077949414
170,7,"(451.0,571.0),(538.0,567.0),(541.0,660.0),(455.0,668.0)",0.5363070670871302,4.146880190895596,-28.105429225467706,-17.55530794264713
171,7,"(448.0,571.0),(534.0,567.0),(538.0,660.0),(452.0,668.0)",0.5358086393440127,4.566086544847972,-29.25580303114481,-18.819121322132954
172,7,"(445.0,570.0),(533.0,566.0),(536.0,661.0),(449.0,669.0)",0.5257912178095571,4.775675485146112,-29.75538252916143,-18.057166999241687
173,7,"(443.0,570.0),(532.0,566.0),(535.0,661.0),(447.0,669.0)",0.525589675618567,4.302354591305721,-28.33541765129361,-17.977465134863294
174,7,"(441.0,570.0),(530.0,565.0),(533.0,661.0),(445.0,669.0)",0.5238676833134672,4.19269332967105,-29.01479887111614,-17.211164519930456
175,7,"(439.0,569.0),(529.0,565.0),(532.0,661.0),(444.0,669.0)",0.519758150214062,4.628723327222164,-29.376967042325923,-18.853942733991452
176,7,"(437.0,569.0),(527.0,564.0),(531.0,660.0),(441.0,668.0)",0.5224613434868584,3.5350044577414885,-26.959371961996585,-18.14533338184794
177,7,"(435.0,568.0),(526.0,564.0),(529.0,660.0),(440.0,668.0)",0.519204628891438,4.191454127837923,-28.169701324393515,-18.83959685716499
178,7,"(433.0,568.0),(524.0,563.0),(528.0,660.0),(438.0,668.0)",0.5166261523910342,3.8891048897546714,-28.127748175487188,-19.012357218898142
179,7,"(432.0,566.0),(522.0,562.0),(526.0,659.0),(436.0,667.0)",0.5138753857824105,4.824779227659215,-29.859259131048564,-19.3511455425004
180,7,"(429.0,566.0),(521.0,561.0),(525.0,658.0),(435.0,666.0)",0.5151183251765623,3.711331017511868,-27.91970645591747,-19.65171760257201
181,7,"(427.0,565.0),(519.0,560.0),(523.0,657.0),(432.0,666.0)",0.5134225277238241,3.4472556942292436,-28.01102551450428,-18.118416825535487
182,7,"(426.0,564.0),(518.0,559.0),(523.0,656.0),(431.0,665.0)",0.5118838916531322,3.2931364340943707,-27.468252252890387,-19.186143286589623
183,7,"(426.0,564.0),(519.0,558.0),(523.0,655.0),(431.0,664.0)",0.5159212538663022,2.1566761305596764,-25.180306733800972,-16.689106256073934
184,7,"(427.0,564.0),(519.0,558.0),(523.0,655.0),(433.0,664.0)",0.5157732671220998,2.9840124325409705,-28.02580766970822,-17.58653202240995
185,7,"(429.0,562.0),(521.0,557.0),(525.0,655.0),(434.0,663.0)",0.509978709550861,3.8685864200370665,-28.491935378710426,-18.71878365719855
186,7,"(431.0,562.0),(523.0,557.0),(527.0,654.0),(437.0,663.0)",0.5118411543989824,3.5394508193493754,-28.737801569369644,-18.34006026622884
187,7,"(433.0,562.0),(525.0,557.0),(529.0,654.0),(439.0,663.0)",0.5117541929995014,3.485418469969981,-28.5629762205624,-18.240904416638916
188,7,"(435.0,562.0),(527.0,556.0),(532.0,654.0),(441.0,662.0)",0.510579020494523,-6.683032274612394,9.100652674332768,-10.66170068738407
189,7,"(438.0,562.0),(530.0,557.0),(534.0,654.0),(443.0,662.0)",0.5141657716350501,3.0980875455643755,-26.202121319288256,-18.13313640476657
190,7,"(440.0,563.0),(532.0,557.0),(537.0,653.0),(446.0,662.0)",0.5182523344713527,1.882165194820414,-24.532228767429242,-17.80990731355113
191,7,"(443.0,562.0),(535.0,557.0),(539.0,654.0),(449.0,663.0)",0.511347258735814,3.2200535815495224,-27.69719728763096,-17.739644989250273
192,7,"(445.0,563.0),(537.0,557.0),(542.0,653.0),(451.0,663.0)",0.5160281187337719,1.7734909212851013,-25.131583429117946,-16.599979281467114
193,7,"(448.0,563.0),(539.0,557.0),(544.0,654.0),(454.0,663.0)",0.5138965409983904,2.764777990027223,-27.219613958654303,-17.611072265235784
194,7,"(450.0,563.0),(542.0,557.0),(546.0,654.0),(456.0,663.0)",0.5145056600300643,2.3618217310650853,-26.040324487830755,-16.289106180529224
195,7,"(453.0,563.0),(544.0,557.0),(549.0,654.0),(459.0,663.0)",0.5137250483519946,2.6375393138930505,-26.791679394941106,-17.362187944312282
196,7,"(455.0,564.0),(547.0,558.0),(551.0,654.0),(461.0,663.0)",0.5194456400809202,1.6821769166311034,-23.89019656960139,-15.77066662049902
197,7,"(458.0,564.0),(549.0,558.0),(554.0,654.0),(463.0,663.0)",0.5190967725993216,1.7173407455363576,-23.649784146581737,-16.24224412840057
198,7,"(460.0,564.0),(551.0,558.0),(556.0,654.0),(466.0,663.0)",0.5185460217346821,1.9427951409192552,-24.58646830273892,-16.90615776694834
199,7,"(462.0,565.0),(553.0,558.0),(558.0,654.0),(468.0,663.0)",0.521817702716473,1.1622517683172267,-23.12298418005721,-15.576208892138585
200,7,"(464.0,565.0),(555.0,558.0),(560.0,654.0),(471.0,663.0)",0.5211143372280619,1.398408275653953,-24.107133185711735,-16.29433193007926
201,7,"(467.0,564.0),(557.0,558.0),(562.0,653.0),(473.0,663.0)",0.5210575370500964,1.79698240837986,-25.287919507711603,-15.650725647393882
202,7,"(469.0,565.0),(560.0,559.0),(564.0,654.0),(474.0,662.0)",0.52708902461959,0.937663234778856,-20.242856608117123,-14.841936137234304
203,7,"(471.0,565.0),(562.0,559.0),(566.0,654.0),(477.0,663.0)",0.5244596976749488,1.3113693771773012,-22.702414943492247,-14.866841621236036
204,7,"(473.0,565.0),(563.0,559.0),(568.0,654.0),(479.0,663.0)",0.5237367187641547,1.6439071638131784,-23.664916898985357,-16.241421930303996
205,7,"(475.0,566.0),(565.0,560.0),(570.0,654.0),(481.0,663.0)",0.5289308160758884,1.0106866477963952,-21.633506980703636,-15.937785993255773
206,7,"(476.0,566.0),(566.0,560.0),(571.0,654.0),(482.0,663.0)",0.5289149254185465,0.9861512665605281,-21.545999838258734,-15.87605866554689
207,7,"(477.0,566.0),(567.0,560.0),(572.0,654.0),(483.0,663.0)",0.5288991364982084,0.9617341760560216,-21.45880804023539,-15.81418344275246
208,7,"(478.0,566.0),(568.0,560.0),(573.0,654.0),(484.0,663.0)",0.5288834230989199,0.9374366426987069,-21.371936841948152,-15.75216370923139
209,7,"(479.0,566.0),(569.0,560.0),(574.0,653.0),(485.0,662.0)",0.5337762021866379,0.24014993526358971,-19.176648642560156,-15.296248521617663
210,7,"(480.0,566.0),(570.0,560.0),(575.0,653.0),(486.0,662.0)",0.5337717661144751,0.21485592167073497,-19.084566973244815,-15.223634704448335
211,7,"(481.0,566.0),(571.0,559.0),(576.0,653.0),(487.0,662.0)",0.5322346657641644,0.06517915993411051,-19.597377985720463,-13.980429846876135
212,7,"(482.0,566.0),(572.0,559.0),(577.0,653.0),(488.0,661.0)",0.5329006672393143,-5.932806045829687,4.921183226522217,-12.086593396393807
213,7,"(484.0,565.0),(574.0,559.0),(579.0,652.0),(490.0,661.0)",0.5334350674418546,0.11263136230371963,-18.77832146600182,-14.857615698327157
214,7,"(485.0,565.0),(575.0,559.0),(580.0,652.0),(491.0,661.0)",0.5334291039143677,0.08833613268980064,-18.688840771090423,-14.784690737852474
215,7,"(486.0,565.0),(576.0,558.0),(581.0,652.0),(492.0,661.0)",0.5318648965301225,-0.048477539406440326,-19.237737548569083,-13.577526509559455
216,7,"(487.0,565.0),(578.0,558.0),(583.0,652.0),(493.0,661.0)",0.5307570239174995,-0.8824350793228337,-16.259036034670864,-12.561351421653878
217,7,"(489.0,565.0),(579.0,558.0),(585.0,652.0),(495.0,661.0)",0.5305445515717384,-0.41321758551563514,-17.772331778047896,-14.84615024125283
218,7,"(490.0,565.0),(581.0,558.0),(586.0,652.0),(496.0,661.0)",0.5308221406556097,-0.944428861017458,-16.010299992123308,-12.322736261511585
219,7,"(491.0,565.0),(583.0,558.0),(588.0,652.0),(497.0,661.0)",0.5268803169463787,-2.050020495018957,-11.878471536713153,-10.01445278846155
220,7,"(493.0,565.0),(585.0,558.0),(589.0,652.0),(499.0,661.0)",0.5288375965500512,-1.417092430229,-14.26755741732181,-9.276673174187003
221,7,"(496.0,565.0),(588.0,558.0),(592.0,653.0),(502.0,661.0)",0.5271542868548507,-1.1257402761661812,-14.177408802718011,-10.80791336991875
222,7,"(499.0,564.0),(591.0,558.0),(596.0,652.0),(504.0,661.0)",0.5244311934053587,-1.3951245103001457,-12.86292422049153,-10.84254147235465
223,7,"(501.0,565.0),(594.0,558.0),(598.0,653.0),(507.0,662.0)",0.5222163924173849,-1.5187554599011228,-13.578916162489184,-8.665571950551167
224,7,"(503.0,565.0),(596.0,558.0),(601.0,654.0),(509.0,662.0)",0.5191065612782854,-2.143118939804344,-10.031838385084505,-10.611167349748218
225,7,"(506.0,565.0),(599.0,559.0),(604.0,654.0),(511.0,663.0)",0.5182990904248859,-1.5160288286817392,-12.119298706104672,-10.123585086079112
226,7,"(509.0,565.0),(602.0,559.0),(607.0,655.0),(514.0,663.0)",0.5174283065547359,-1.254047868335352,-11.91817258085307,-11.948492958050174
227,7,"(511.0,566.0),(605.0,559.0),(610.0,655.0),(516.0,663.0)",0.5127478967722872,-2.6741856077541497,-7.066047195982288,-6.472878086175207
228,7,"(513.0,566.0),(608.0,559.0),(612.0,656.0),(518.0,664.0)",0.509036863504953,-2.069163013478531,-9.28016073564324,-6.20227933711963
229,7,"(515.0,565.0),(610.0,559.0),(614.0,656.0),(520.0,664.0)",0.5087728751181192,-1.637893469306569,-10.162678428234655,-8.063500461560995
230,7,"(515.0,566.0),(611.0,559.0),(615.0,656.0),(521.0,664.0)",0.5060151122729328,-2.6566060595449006,-7.070147710380186,-4.7377775996306095
231,7,"(515.0,565.0),(612.0,559.0),(616.0,657.0),(520.0,664.0)",0.49897588047064906,-2.5282148599209084,-5.004799060537345,-4.335064605842568
232,7,"(514.0,566.0),(612.0,559.0),(616.0,657.0),(519.0,665.0)",0.49409693995192405,-2.5348871803091524,-6.929208331250615,-1.6702348060075918
233,7,"(513.0,566.0),(611.0,560.0),(615.0,658.0),(519.0,666.0)",0.49621071391546806,-2.6970093571375715,-5.680668218086426,-3.8008238713613234
234,7,"(511.0,567.0),(609.0,560.0),(613.0,659.0),(516.0,666.0)",0.49454273457095677,-2.6110649001542785,-5.309713528022784,-3.0143862695199535
235,7,"(509.0,567.0),(608.0,561.0),(611.0,660.0),(514.0,667.0)",0.4920210839887303,-2.220386316410322,-5.857114931330259,-2.55340097333989
236,7,"(505.0,568.0),(604.0,561.0),(608.0,660.0),(510.0,667.0)",0.4903941267215747,-2.65025728150113,-5.027879044197486,-0.9997661281130935
237,7,"(501.0,567.0),(600.0,561.0),(604.0,661.0),(506.0,667.0)",0.4899300164458484,-2.7676680799778497,-2.45447751090042,-3.2086804646328955
238,7,"(497.0,567.0),(596.0,562.0),(599.0,661.0),(501.0,667.0)",0.4911196401866077,-2.0349322373159793,-4.309550913625565,-2.2732484604773635
239,7,"(492.0,568.0),(592.0,563.0),(594.0,662.0),(496.0,668.0)",0.4892305763300114,-1.7238797842754467,-5.349466534539837,-0.8674008051500512
240,7,"(486.0,568.0),(586.0,563.0),(589.0,663.0),(490.0,668.0)",0.48685468255449615,-2.1144775569381813,-2.6365639411876756,-1.2351145856194772
241,7,"(480.0,569.0),(580.0,564.0),(583.0,663.0),(485.0,669.0)",0.4895150019018865,-2.349020316177977,-3.0586897208122323,-0.9133952495701082
242,7,"(475.0,569.0),(575.0,564.0),(578.0,664.0),(479.0,669.0)",0.4878175772798712,-2.141024851821757,-2.5263350437335794,-1.3405952519283264
243,7,"(470.0,569.0),(571.0,565.0),(573.0,665.0),(474.0,669.0)",0.4852418622669022,-1.7538495799754152,-1.7901507738346636,0.12435755232805987
244,7,"(465.0,570.0),(566.0,565.0),(568.0,665.0),(469.0,669.0)",0.4864311413415419,-1.7673369910673566,-2.600628560220909,0.7632494751067538
245,7,"(461.0,570.0),(562.0,566.0),(564.0,665.0),(464.0,669.0)",0.4854097247545744,-1.3417439810127778,-3.292633262639441,2.0902420617865825
246,7,"(458.0,569.0),(559.0,567.0),(561.0,665.0),(461.0,669.0)",0.48475967291023925,-1.1678667635487416,-2.203548958989121,2.3941627944326545
247,7,"(455.0,570.0),(556.0,567.0),(558.0,666.0),(459.0,670.0)",0.48641775780227897,-1.6052747198409776,-1.4719917582370612,1.0903602233180656
248,7,"(453.0,570.0),(554.0,568.0),(555.0,667.0),(456.0,670.0)",0.48680834420419933,-1.0319999743777435,-1.4620978016227724,1.0773996214076318
249,7,"(450.0,571.0),(551.0,568.0),(553.0,668.0),(453.0,670.0)",0.4843043637640963,-1.2591361747980465,-0.395729506507751,1.8335957268385095
250,7,"(448.0,570.0),(549.0,568.0),(551.0,668.0),(450.0,670.0)",0.4825410591867142,-0.951534484207189,-0.6577338154806774,1.5469319715458152
251,7,"(445.0,571.0),(546.0,568.0),(548.0,668.0),(448.0,670.0)",0.48472623073455096,-1.2528104152110444,-0.41818901456046864,1.8129801818329117
252,7,"(443.0,571.0),(545.0,569.0),(546.0,669.0),(445.0,670.0)",0.48102882660240354,-0.5165638861217378,-0.9961788241838118,3.238838561367107
253,7,"(442.0,570.0),(543.0,569.0),(544.0,669.0),(443.0,670.0)",0.48322753267079316,-0.3762738015182287,-0.6819041794699179,1.5208167021200596
254,7,"(440.0,570.0),(542.0,569.0),(542.0,669.0),(441.0,669.0)",0.4813100623308116,0.05734176096061496,-1.0254539878075382,3.215249237581791
255,7,"(439.0,570.0),(540.0,569.0),(540.0,670.0),(439.0,669.0)",0.48327896432389794,0.12924672540543336,-0.18060118615860066,1.4988346654707647
256,7,"(437.0,569.0),(539.0,569.0),(539.0,669.0),(438.0,670.0)",0.4810720373941509,-0.036631569732308876,-0.9579056385560883,1.7556750783365689
257,7,"(436.0,568.0),(537.0,568.0),(538.0,669.0),(437.0,670.0)",0.4813186126999768,-0.5697749518314906,0.8514959333065739,-0.32575663219734297
258,7,"(434.0,568.0),(535.0,567.0),(536.0,669.0),(435.0,669.0)",0.4810239788060382,-0.6501275386296217,1.4236715863055003,-0.3135213371627271
259,7,"(432.0,567.0),(535.0,567.0),(534.0,668.0),(433.0,668.0)",0.4784566180670272,0.23570763600781422,-0.7199037902237828,1.9882876619177587
260,7,"(431.0,566.0),(533.0,566.0),(532.0,668.0),(431.0,667.0)",0.4799786198966907,0.26410661899371035,0.28560464230068866,0.2814032858189591
261,7,"(429.0,565.0),(531.0,565.0),(531.0,667.0),(429.0,666.0)",0.47755342781368937,0.1485813116110738,0.5857571799567282,1.1011765761882792
262,7,"(427.0,563.0),(529.0,563.0),(528.0,666.0),(427.0,665.0)",0.4786127023443489,0.0129160732865324,1.2142459707594504,-1.149126127949185
263,7,"(424.0,562.0),(528.0,563.0),(527.0,665.0),(425.0,664.0)",0.4721684594696335,0.4109358927472956,0.6152930016015596,2.5980407566348576
264,7,"(422.0,560.0),(526.0,562.0),(524.0,664.0),(422.0,663.0)",0.47267425188594103,0.8174399931806786,0.04665404757119399,1.6119227176471778
265,7,"(420.0,559.0),(523.0,559.0),(522.0,663.0),(420.0,662.0)",0.4739030932714638,0.009117949827746453,1.234305150891102,-1.1091263149770543
266,7,"(417.0,558.0),(521.0,558.0),(520.0,662.0),(417.0,661.0)",0.4707877857205744,0.2618306345705049,0.2840096538039801,0.28012310747920216
267,7,"(415.0,557.0),(520.0,558.0),(518.0,662.0),(415.0,660.0)",0.4680050062633123,0.7564007207409613,0.5207763596571627,1.5890998050118457
268,7,"(414.0,556.0),(518.0,557.0),(517.0,661.0),(413.0,659.0)",0.46854362574878755,0.714484419041392,0.5200008915738468,1.0892028988776212
269,7,"(412.0,555.0),(517.0,556.0),(516.0,661.0),(412.0,659.0)",0.4644842713565369,0.44549296629596347,1.5526803326001135,1.1010229191575274
270,7,"(411.0,555.0),(516.0,556.0),(515.0,660.0),(411.0,659.0)",0.4663219119676743,0.4944893398813588,0.25458954083422747,1.3453683570856385
271,7,"(409.0,555.0),(515.0,555.0),(513.0,660.0),(409.0,658.0)",0.4651228444415661,0.742063737008869,-0.301859035849991,1.8654034767289875
272,7,"(408.0,554.0),(513.0,555.0),(512.0,660.0),(408.0,658.0)",0.4646878957916202,0.4519542543778939,1.5346591345080416,1.1111703345900936
273,7,"(408.0,553.0),(512.0,554.0),(511.0,660.0),(407.0,658.0)",0.46571555259177433,0.20953321446043774,2.388493455232274,-1.4352405253421963
274,7,"(406.0,553.0),(512.0,554.0),(510.0,659.0),(406.0,658.0)",0.4643539364478369,0.5936068665223795,0.0003774945170560785,0.5536771397755634
275,7,"(405.0,552.0),(511.0,553.0),(509.0,659.0),(405.0,657.0)",0.4624790781919216,0.5302437318687269,1.3667592726646542,0.329245290353578
276,7,"(404.0,552.0),(510.0,552.0),(509.0,658.0),(404.0,656.0)",0.461793320306591,0.4361477493918485,0.723988244003886,1.320820808731278
277,7,"(404.0,551.0),(509.0,552.0),(508.0,658.0),(403.0,656.0)",0.46297150201593823,0.4785679762370869,1.374350333644715,-0.18590324469985592
278,7,"(403.0,551.0),(508.0,552.0),(507.0,658.0),(402.0,656.0)",0.4630589929633249,0.47912796904924476,1.3717950628482591,-0.18265995566920099
279,7,"(402.0,551.0),(507.0,552.0),(506.0,658.0),(401.0,656.0)",0.4631470680869121,0.47969023342319095,1.3692327546366783,-0.17943741447687786
280,7,"(400.0,552.0),(507.0,553.0),(505.0,659.0),(400.0,657.0)",0.45997203396555686,0.7608614769724779,0.4590935690490384,1.5553962513241053
281,7,"(400.0,552.0),(506.0,553.0),(505.0,659.0),(399.0,657.0)",0.4605367974860127,0.7147500408194709,0.4621767081426619,1.0631620669956232
282,7,"(398.0,552.0),(505.0,553.0),(504.0,659.0),(398.0,657.0)",0.45799062706718563,0.6743473962655198,0.6505319548103536,2.295527954299169
283,7,"(398.0,552.0),(504.0,553.0),(503.0,659.0),(397.0,658.0)",0.46120969449215254,0.5405101871287439,8.726571180958253e-09,1.281748081708052e-08
284,7,"(396.0,552.0),(502.0,553.0),(501.0,660.0),(396.0,658.0)",0.4595812650617188,0.2188376855972105,2.380707610040316,-0.025238198017743643
285,7,"(395.0,552.0),(501.0,553.0),(500.0,660.0),(394.0,658.0)",0.4595984543880945,0.4781122401683366,1.3351321360987616,-0.1603192795617457
286,7,"(393.0,552.0),(499.0,553.0),(498.0,659.0),(393.0,658.0)",0.4618471944654655,0.2730544818299592,1.0787559921805845,0.10449939254682687
287,7,"(391.0,552.0),(498.0,553.0),(497.0,659.0),(391.0,658.0)",0.4591789801557258,0.5045990625277519,0.18626704594024426,1.297307763992399
288,7,"(390.0,552.0),(496.0,552.0),(496.0,659.0),(390.0,658.0)",0.45995852939563986,-0.05704055409105623,1.325099738281495,-0.1436696426177576
289,7,"(388.0,552.0),(495.0,552.0),(494.0,660.0),(388.0,657.0)",0.45721627933208614,0.41170168330894336,1.8642451650189125,1.0987605218006664
290,7,"(387.0,552.0),(494.0,552.0),(493.0,660.0),(387.0,657.0)",0.4573142492724639,0.41316099579270915,1.8578524082267875,1.0994621354643321
291,7,"(386.0,552.0),(494.0,553.0),(492.0,660.0),(386.0,658.0)",0.4571326302115466,0.767355685520046,0.406223229036774,1.5075217462788346
292,7,"(385.0,552.0),(493.0,553.0),(491.0,660.0),(385.0,658.0)",0.4572389524639395,0.7683461130055558,0.40258833167209457,1.504887627011548
293,7,"(384.0,552.0),(489.0,553.0),(488.0,660.0),(384.0,658.0)",0.4630609250629302,-0.03511283185375016,3.3500491327970843,-1.0108668037755064
294,7,"(383.0,551.0),(489.0,552.0),(487.0,660.0),(382.0,658.0)",0.4607633390945052,0.2516963195350562,2.3306416572408404,-2.0386153279242936
295,7,"(381.0,551.0),(488.0,552.0),(488.0,659.0),(381.0,658.0)",0.45649668906955954,0.21297983828160616,1.1551143578926797,0.8977956112879918
296,7,"(380.0,551.0),(489.0,552.0),(488.0,659.0),(381.0,658.0)",0.4533194266213233,0.47559763409409594,0.32302421326037056,2.4423937923552574
297,7,"(381.0,551.0),(489.0,551.0),(489.0,659.0),(381.0,658.0)",0.4537672388585127,0.1870890141360675,0.39249848753764155,1.025056411990343
298,7,"(383.0,551.0),(492.0,552.0),(490.0,660.0),(383.0,659.0)",0.45352053589782154,0.581095082694381,0.0002480516414980802,0.5144811529724691
299,7,"(385.0,551.0),(494.0,552.0),(493.0,660.0),(386.0,659.0)",0.45140422371079864,0.2545807603551774,1.159502772589445,1.334241593733451
300,7,"(388.0,552.0),(497.0,552.0),(496.0,661.0),(389.0,660.0)",0.4512092032206274,-0.0019230902294580718,1.2874535400482152,0.3489656815304266
301,7,"(392.0,552.0),(501.0,553.0),(499.0,662.0),(392.0,661.0)",0.45131135147917867,0.334992797050472,0.9318618922345149,-0.6666962049538007
302,7,"(395.0,553.0),(505.0,554.0),(503.0,662.0),(396.0,662.0)",0.4503980422721145,0.3717267260323901,-0.2725838170179473,0.7912237989166556
303,7,"(400.0,554.0),(510.0,554.0),(509.0,663.0),(400.0,662.0)",0.44725657888327625,0.46388345981925694,-0.5335185668270127,1.52648274584194
304,7,"(406.0,554.0),(516.0,555.0),(514.0,664.0),(406.0,664.0)",0.448023521705029,0.42688293118887033,-0.5346577846463535,-0.47705788385685205
305,7,"(412.0,555.0),(522.0,556.0),(521.0,665.0),(412.0,665.0)",0.44558200471048237,0.32320675739611276,-0.28538838957234114,0.28333641131636034
306,7,"(418.0,556.0),(529.0,558.0),(527.0,666.0),(418.0,666.0)",0.44399167804178874,0.8192086684937769,-1.2369627742293208,1.8560440546864483
